date,X_1,X_2,X_3,X_4,X_5,X_6,X_7,X_8,X_9,X_10,X_11,X_12,X_13,X_14,natural gas price,Alternative Energy,Consumer Confidence,Energy Policy,Gas Demand,Gas Technology,Gas Trade,GDP Growth,Information Spread,LNG Supply,Market Sentiment,Natural Disasters,Seasonal Demand,X_0
2004/1/1,60.87,34.31,0.984,113.47,1131.13,1674398,2675834,2062805,373195,6051839,4.7,-6.5,527,4,40,63,73,50,53,95,68,55,33,0,0,30,0,6.14
2004/2/1,64.71,34.69,0.913,115.08,1144.94,1551457,2511097,1920843,345930,5452307,6.5,-4.8,419,4,37,64,100,61,51,99,74,66,38,0,0,38,0,5.37
2004/3/1,70.4,36.74,0.909,138.53,1126.21,1685174,2100921,2076537,348992,5341885,15.1,2,269,17,42,74,82,69,57,69,68,63,36,0,0,37,0,5.39
2004/4/1,77.38,36.75,0.922,149.63,1107.3,1629220,1745171,1995315,325105,5535291,18.5,4.4,169,16,34,78,81,70,69,94,51,77,46,0,0,34,0,5.71
2004/5/1,83.94,40.28,1.018,121.09,1120.68,1654209,1573043,2001333,326541,5910982,23.5,9.7,63,77,37,84,66,64,61,88,69,60,0,0,0,40,0,6.33
2004/6/1,94.07,38.03,0.994,137.23,1140.84,1619097,1483684,1965797,341934,6307379,26.9,13.2,22,116,30,58,56,59,69,82,62,51,27,0,100,27,0,6.27
2004/7/1,100.08,40.78,1.09,131.02,1101.72,1668490,1584933,2019157,374651,6681153,29.6,15.9,5,167,27,42,81,53,52,85,66,43,0,0,0,18,0,5.93
2004/8/1,94.68,44.9,1.167,140.37,1104.24,1654093,1577962,2016570,360244,7004573,28.1,14.3,12,141,39,56,65,60,56,78,60,54,0,0,0,25,0,5.41
2004/9/1,89.68,45.94,1.257,153.87,1114.58,1550376,1482150,1909243,344621,7310455,25.7,11.7,29,98,45,64,68,65,33,100,58,60,24,0,0,35,0,5.15
2004/10/1,89.61,53.28,1.485,119.86,1130.2,1620423,1557224,2009174,335533,7548214,19.1,6.9,141,39,52,72,79,73,58,73,51,56,31,0,0,39,0,6.35
2004/11/1,87.53,48.47,1.384,122.71,1173.82,1583720,1782796,1969226,368685,7479367,12.1,1.2,272,11,44,77,72,61,50,75,69,61,34,0,0,33,0,6.17
2004/12/1,82.08,43.15,1.275,109.9,1211.92,1626834,2327730,2023680,413128,6897200,7.5,-4.1,439,3,35,57,59,70,41,82,51,43,0,0,0,65,0,6.58
2005/1/1,80.46,46.84,1.316,100.89,1181.27,1632685,2561858,2035036,405016,6199291,6,-4.5,466,6,40,58,60,48,45,80,55,40,36,0,0,100,0,6.15
2005/2/1,74.33,48.15,1.343,108.98,1203.6,1498281,2242986,1870546,356495,5768939,9,-2.4,368,5,37,59,55,61,48,78,69,55,37,0,0,55,0,6.14
2005/3/1,74.09,54.19,1.556,90.41,1180.59,1687347,2205787,2080504,379650,5484332,12.2,-0.7,352,8,33,65,63,53,62,76,61,58,33,100,0,43,0,6.96
2005/4/1,75.07,52.98,1.523,87.03,1156.85,1614614,1724877,1979474,326147,5699060,18.4,4.1,172,14,35,66,56,76,70,83,49,61,23,0,0,43,0,7.16
2005/5/1,74.83,49.83,1.413,98.21,1191.5,1652081,1522613,2010625,333997,6075521,22.2,8.4,104,48,27,64,49,60,58,70,40,54,38,0,0,41,0,6.47
2005/6/1,77.11,56.35,1.612,81.12,1191.33,1611743,1534122,1972975,321710,6398738,27.5,13.8,17,137,32,55,50,49,63,69,60,47,19,0,41,26,0,7.18
2005/7/1,78.74,59,1.64,165.9,1234.18,1627427,1686609,1984143,386093,6653209,31.4,16.7,2,206,30,48,45,54,51,59,54,38,25,0,0,19,0,7.63
2005/8/1,73.44,64.99,1.804,116.23,1220.33,1619414,1695102,1988105,351805,6865103,30,15.8,4,194,55,60,41,100,47,71,61,41,23,0,0,25,100,9.53
2005/9/1,70.45,65.59,1.963,103.81,1228.81,1400941,1422495,1766603,345907,7136424,27.1,12.2,24,119,100,82,75,87,100,78,80,56,29,0,60,71,0,11.75
2005/10/1,64.34,62.26,1.891,87.06,1207.01,1475622,1428227,1871190,366305,7400321,19.7,6.3,132,32,98,75,73,91,75,75,60,55,25,0,0,71,0,13.42
2005/11/1,58.94,58.32,1.689,83.48,1249.48,1514407,1663400,1901758,359387,7398295,13.8,0.7,258,12,71,79,58,88,85,70,59,58,24,0,0,52,0,10.3
2005/12/1,61.27,59.41,1.707,95.35,1248.29,1592533,2326360,1995862,408522,6835374,6,-5.2,474,3,71,58,45,67,46,65,55,49,21,0,0,31,0,13.05
2006/1/1,66.48,65.49,1.751,94.51,1280.08,1611000,2165268,1975168,360316,6573119,9.8,-2.1,377,8,71,68,37,70,60,62,52,41,23,0,33,36,0,8.69
2006/2/1,74.36,61.63,1.639,95.86,1280.66,1450983,2144378,1794241,321045,6088735,8.2,-5,397,3,58,92,47,82,62,73,33,49,27,0,0,37,0,7.54
2006/3/1,80.27,62.69,1.777,92.8,1294.87,1631383,2126369,1994464,348293,5888675,12.1,-0.3,329,12,51,81,48,75,59,68,68,53,33,0,26,36,0,6.89
2006/4/1,83.21,69.44,1.978,89.02,1310.61,1570546,1681005,1908987,332248,6143320,20.3,5.6,150,32,44,89,47,71,64,68,70,56,19,0,0,32,0,7.16
2006/5/1,78.9,70.84,1.972,85.21,1270.09,1632139,1526297,1956520,350535,6511653,24.2,9.5,78,63,46,86,54,77,67,64,65,50,21,0,0,40,0,6.25
2006/6/1,79.51,70.95,1.925,102.57,1270.2,1614061,1550879,1938796,348095,6831985,28.9,14.1,14,132,34,58,39,63,48,61,51,38,15,0,38,26,0,6.21
2006/7/1,80.9,74.41,1.935,137.13,1276.66,1650313,1758733,1975235,370925,6993053,32,17.3,2,214,50,54,35,51,33,51,56,38,0,0,0,16,0,6.17
2006/8/1,81.35,73.04,1.984,147.08,1303.82,1656034,1751683,1989430,364972,7181966,30.1,15.9,6,186,56,57,39,54,41,55,54,35,0,0,0,19,0,7.14
2006/9/1,74.83,63.8,1.699,111.72,1335.85,1617442,1462070,1946109,333514,7538548,24.4,10.4,47,77,68,62,44,55,47,50,59,43,14,0,0,25,0,4.9
2006/10/1,72.58,58.89,1.648,113.14,1377.94,1675387,1644231,2025782,334016,7669209,18.2,4.7,169,27,63,65,41,67,50,48,47,47,19,0,29,30,0,5.85
2006/11/1,71.87,59.08,1.648,88.78,1400.63,1615322,1765375,1974331,339118,7622511,13.1,0.4,261,8,40,68,42,61,48,53,48,45,25,0,35,26,0,7.41
2006/12/1,78.34,61.96,1.684,90.61,1418.3,1685065,2122784,2055955,383205,7280906,8.4,-3.3,381,7,31,54,17,50,37,38,25,39,18,0,25,16,0,6.73
2007/1/1,78.94,54.51,1.528,97.92,1438.24,1652470,2475594,2042882,393140,6599227,5.2,-5.9,463,6,39,65,32,70,37,45,42,39,21,0,26,21,0,6.55
2007/2/1,79.93,59.28,1.693,96.17,1406.82,1513461,2566993,1878003,372874,5867298,6.1,-5.6,459,3,35,72,34,95,42,45,48,46,23,50,22,23,0,8
2007/3/1,82.15,60.44,1.742,87.34,1420.86,1703085,2128845,2094555,401779,5849891,15.6,1.8,272,18,28,69,36,80,45,50,42,47,21,0,24,23,0,7.11
2007/4/1,81.84,63.98,1.864,76.61,1482.37,1626673,1810079,1994942,386837,5968611,17.1,3.5,204,14,25,73,37,59,44,44,50,44,18,0,21,22,0,7.6
2007/5/1,80.78,63.46,1.884,92.6,1530.62,1722549,1559080,2066642,380213,6431710,24.1,9.6,64,67,26,70,35,52,44,48,52,45,17,0,20,27,0,7.64
2007/6/1,88.8,67.49,1.991,97.97,1503.35,1666465,1555226,2019862,381470,6813786,28.3,13.8,15,67,26,56,30,48,44,46,48,36,13,0,22,18,0,7.35
2007/7/1,97.31,74.12,2.072,112.35,1455.27,1703237,1659882,2053286,418576,7123259,30.8,16.6,3,173,27,48,28,44,40,45,51,32,10,0,30,13,0,6.22
2007/8/1,99.84,72.36,1.984,83.17,1473.99,1712771,1896137,2076235,426534,7250170,30.8,16.6,5,203,33,40,37,43,34,45,40,37,12,0,22,17,0,6.22
2007/9/1,100.51,79.92,2.179,94.49,1526.75,1674745,1590484,2040241,361383,7548786,26.3,11.9,27,106,33,50,38,43,39,47,39,45,13,0,16,23,0,6.08
2007/10/1,112.18,85.8,2.282,101.47,1549.38,1733373,1627791,2122193,347224,7803634,20.5,6.9,100,46,38,65,40,59,47,47,53,46,18,52,21,25,0,6.74
2007/11/1,134.12,94.77,2.586,89.8,1481.14,1712314,1834529,2098602,340607,7680213,13.3,0.1,287,10,35,69,45,65,47,46,49,49,20,0,32,24,0,7.1
2007/12/1,144.07,91.69,2.574,94.97,1468.36,1775203,2399154,2176213,396945,7113475,6.1,-4.7,439,7,28,58,33,41,38,42,44,40,14,0,22,16,0,7.11
2008/1/1,147.74,92.97,2.558,81.5,1378.55,1765447,2733970,2155041,389651,6288037,4.9,-6.8,488,4,32,66,36,53,42,49,44,47,15,0,42,19,0,7.99
2008/2/1,189.11,95.39,2.644,80.75,1330.63,1666095,2503421,2043801,349660,5686255,7.8,-4.8,399,7,32,70,43,54,40,49,55,51,15,34,31,23,0,8.54
2008/3/1,186.01,105.45,3.066,77.64,1322.7,1804065,2278151,2204088,366810,5486589,12.3,-1.3,334,11,33,72,51,51,50,45,57,45,14,0,37,20,0,9.41
2008/4/1,177.87,112.58,3.226,71.9,1385.59,1740229,1823867,2112605,322122,5658650,17.5,3,179,18,35,71,59,59,60,54,55,52,15,27,23,23,0,10.18
2008/5/1,192.47,125.4,3.615,72.57,1400.38,1797917,1576387,2153316,297154,6064975,22.3,8.1,103,53,46,82,50,56,67,59,79,41,24,0,20,36,0,11.27
2008/6/1,227.11,133.88,3.801,87.55,1280,1760998,1604249,2118791,286919,6407107,28.1,13.7,17,147,48,81,52,53,67,53,75,34,17,32,29,21,0,12.69
2008/7/1,268.89,133.37,3.759,89.74,1267.38,1852724,1708641,2205260,322810,6745390,30.6,16.2,4,186,59,72,47,50,56,52,68,35,12,28,29,13,0,11.09
2008/8/1,245.24,116.67,3.169,88.55,1282.83,1826392,1682924,2193566,328663,7093832,29.4,15.3,8,159,51,63,40,59,39,44,52,37,10,26,31,13,0,8.26
2008/9/1,234.96,104.11,2.911,88.54,1166.36,1559028,1460924,1919520,313868,7390883,25.5,11.3,30,96,54,80,45,61,51,46,62,48,20,26,30,24,30,7.67
2008/10/1,174.59,76.61,2.239,64.16,968.75,1754251,1635827,2153389,321328,7634355,19.3,5.1,155,28,58,100,84,69,55,48,62,55,21,0,34,28,18,6.74
2008/11/1,144.49,57.31,1.843,79.08,896.24,1757942,1868947,2149851,320254,7577456,12.7,0.5,293,7,45,85,58,63,50,42,49,51,14,0,27,20,26,6.68
2008/12/1,117.79,41.12,1.402,92.37,903.25,1826966,2399702,2227028,364862,7072657,5.9,-6,454,5,43,67,45,45,44,41,44,38,17,21,27,15,21,5.82
2009/1/1,120.31,41.71,1.465,85.37,825.88,1870465,2729715,2251938,356749,6370028,5.7,-6.8,522,4,47,65,51,50,43,42,51,41,15,0,29,18,34,5.24
2009/2/1,113.62,39.09,1.279,67.45,735.09,1704919,2332539,2074167,321522,6000888,9.2,-3.9,382,4,36,73,58,54,44,43,40,52,15,27,28,23,0,4.52
2009/3/1,92.06,47.94,1.277,72.64,797.87,1875053,2170709,2262488,325165,5907540,12.7,-0.6,317,11,39,70,52,55,43,42,52,50,18,29,36,23,23,3.96
2009/4/1,95.88,49.65,1.357,85.69,872.81,1783234,1741293,2147856,321848,6165074,17.4,3.6,183,17,33,60,54,53,41,40,46,48,15,23,33,23,24,3.5
2009/5/1,92.68,59.03,1.473,89.68,919.14,1843327,1504000,2190437,265793,6632164,23.4,9.5,74,67,40,57,63,43,37,36,56,41,14,27,24,23,19,3.83
2009/6/1,100.77,69.64,1.747,81.11,919.32,1791993,1527833,2140519,281970,7028031,27,13.6,24,126,50,47,46,40,40,37,100,34,15,0,34,17,0,3.8
2009/7/1,102.48,64.15,1.628,83.44,987.48,1827798,1657997,2170032,316715,7353504,29.6,15.5,8,162,46,36,46,36,37,35,98,33,11,21,31,13,22,3.38
2009/8/1,105.35,71.05,1.865,73.37,1020.62,1842284,1736462,2192597,336848,7626392,29.2,15.1,8,171,59,37,50,32,34,35,60,33,11,0,30,16,17,3.14
2009/9/1,99.88,69.41,1.728,92.84,1057.08,1733980,1574975,2089220,307026,7921596,26.1,12.1,34,95,79,42,48,38,47,41,52,39,14,24,28,23,27,2.99
2009/10/1,103.67,75.72,1.929,90.58,1036.19,1814913,1666520,2197157,273124,8091168,16.1,4.5,182,28,55,48,49,41,42,42,55,47,18,17,29,28,29,4.01
2009/11/1,110.01,77.99,1.981,82.1,1095.63,1757520,1776171,2144157,294918,8124989,14.2,1.2,246,10,42,48,46,47,40,42,48,48,17,18,24,23,0,3.66
2009/12/1,116.63,74.47,1.968,92.95,1115.1,1802449,2491864,2196325,349682,7406742,3.9,-6.5,482,4,42,42,36,34,36,36,44,36,15,17,20,18,20,5.35
2010/1/1,138.32,78.33,2.046,91.58,1073.87,1824143,2809788,2210163,384586,6579900,4.5,-5.9,511,2,37,41,36,33,45,41,46,43,15,19,26,32,18,5.83
2010/2/1,134.28,76.39,1.978,80.73,1104.49,1682869,2480950,2047815,324124,5960953,5.1,-5.3,446,1,30,53,44,41,46,41,45,50,16,20,28,27,17,5.32
2010/3/1,135.87,81.2,2.083,74.12,1169.43,1864519,2142925,2276546,318769,5929914,12.8,0,304,4,41,49,38,44,46,42,47,50,13,26,24,29,18,4.29
2010/4/1,144.4,84.29,2.204,88.76,1186.69,1813312,1691813,2190270,298464,6289473,19,4.6,150,21,36,49,35,46,37,40,50,48,20,16,28,29,30,4.03
2010/5/1,147.42,73.74,2.04,88.96,1089.41,1886476,1617274,2236507,297801,6698983,22.2,8.8,78,72,28,44,34,42,38,39,51,42,20,27,34,27,27,4.14
2010/6/1,146.48,75.34,2.032,96.45,1030.71,1802492,1649515,2138770,282260,7026700,28.1,14.7,17,159,29,38,36,37,36,38,43,37,14,20,31,21,27,4.8
2010/7/1,143.54,76.32,1.979,79.38,1101.6,1896082,1825828,2208753,328655,7253018,30.6,16.9,3,210,23,32,44,31,29,37,44,32,11,15,34,15,0,4.63
2010/8/1,137.29,76.6,2.016,80.99,1049.33,1917995,1878926,2235038,304901,7442861,30.5,16.3,5,197,27,28,34,31,28,33,38,38,12,18,27,18,13,4.32
2010/9/1,138.17,75.24,2.09,71.17,1141.2,1861038,1637491,2238147,281518,7801450,26.6,11.8,28,110,27,34,38,33,34,34,44,42,19,20,34,21,17,3.89
2010/10/1,144.9,81.89,2.242,65.99,1183.26,1956114,1664938,2356947,294744,8155699,20.8,6,130,31,35,37,35,36,40,38,42,46,16,19,24,21,25,3.43
2010/11/1,160.57,84.25,2.32,94.71,1180.55,1892658,1973294,2276710,273165,8078136,12.1,-0.7,290,8,31,38,33,35,35,33,48,48,14,0,26,21,21,3.71
2010/12/1,177.97,89.15,2.468,97.2,1257.64,1984174,2714054,2400418,351773,7412447,5.6,-5,497,1,32,28,26,29,31,30,36,37,12,18,30,16,28,4.25
2011/1/1,195.96,89.17,2.604,79.42,1286.12,1952732,2888640,2299298,371919,6608635,4.5,-7,526,3,31,34,30,34,36,35,49,41,17,20,34,23,22,4.49
2011/2/1,187.41,88.58,2.77,90.01,1327.22,1728929,2452403,2104330,311154,6024215,6.9,-5.7,409,5,33,35,33,36,40,34,47,44,18,20,27,25,26,4.09
2011/3/1,191.07,102.86,3.034,136.89,1325.83,2002359,2230493,2410884,315408,5879115,12.4,-0.1,319,14,34,37,32,42,45,37,59,47,20,34,25,53,27,3.97
2011/4/1,190.1,109.53,3.196,91.02,1363.61,1960847,1825023,2349720,277936,6092050,17.9,4.3,173,31,30,37,30,42,43,36,61,45,18,24,30,31,19,4.24
2011/5/1,184.76,100.9,2.952,105.34,1345.2,2030695,1667396,2410866,271252,6491219,21.8,8.4,87,60,26,36,29,35,38,37,50,37,20,27,28,37,22,4.31
2011/6/1,183.6,96.26,2.967,84.39,1320.64,1954453,1657334,2312943,266617,6831426,28.2,13.8,22,146,21,29,29,30,30,35,46,36,11,17,25,26,0,4.54
2011/7/1,182.27,97.3,3.068,78.92,1292.28,2032795,1890515,2340293,293477,7075486,31.6,17.4,4,226,20,24,27,27,30,34,41,35,11,22,24,16,14,4.42
2011/8/1,182.62,86.33,2.946,86.95,1218.89,2056617,1891783,2370440,280284,7319424,31.3,16.5,5,197,21,24,42,28,29,32,41,42,12,20,37,21,18,4.06
2011/9/1,182.79,85.52,2.921,83.35,1131.42,1987134,1655634,2358169,251846,7716989,26.4,11.5,31,99,23,30,40,31,37,35,43,41,17,17,36,28,20,3.9
2011/10/1,177.13,86.32,2.953,76.34,1253.3,2118735,1744454,2502387,282159,8105566,19.9,5.8,141,28,23,32,36,33,34,35,40,44,18,21,34,28,24,3.57
2011/11/1,168.94,97.16,3.054,83.16,1246.96,2076152,2031872,2475947,248908,8142609,12.8,0.2,261,10,24,31,31,36,34,37,45,42,17,14,32,27,19,3.24
2011/12/1,165.01,98.56,2.891,85.34,1257.6,2134904,2541878,2543747,297733,7763772,7.5,-3.7,401,6,22,22,24,27,29,30,38,38,14,10,24,19,23,3.17
2012/1/1,170.13,100.27,3.054,79.63,1312.41,2152698,2756180,2571350,281131,7219136,8.7,-4.1,421,6,40,29,24,30,36,37,42,39,16,16,25,26,21,2.67
2012/2/1,170.88,102.2,3.196,92.45,1365.68,1974431,2500654,2360061,269906,6758315,8.9,-2.8,347,7,38,30,28,34,47,34,49,47,15,21,22,25,20,2.51
2012/3/1,161.72,106.16,3.217,88.76,1408.47,2118693,2127761,2524260,265152,6794584,17.1,3.3,210,27,37,31,28,38,44,39,50,45,18,29,25,24,26,2.17
2012/4/1,157.25,103.32,3.15,96.02,1397.91,2044519,1953071,2417498,243018,6936421,19.8,5.4,161,27,41,26,26,36,39,37,45,46,20,21,27,22,25,1.95
2012/5/1,146.91,94.66,2.913,78.17,1310.33,2121367,1873835,2490707,259023,7219444,24.8,10.1,54,87,35,30,27,31,36,43,45,40,17,25,33,24,16,2.43
2012/6/1,132.15,82.3,2.619,77.82,1362.16,2039909,1868356,2376776,259732,7453546,29,13.8,17,131,32,21,23,27,32,36,41,38,16,18,23,17,16,2.46
2012/7/1,132.84,87.9,2.813,82.81,1379.32,2162384,2069773,2465064,281166,7588106,32.2,17.5,2,224,30,19,22,26,31,38,42,36,13,16,26,15,0,2.95
2012/8/1,135.88,94.13,3.045,74.88,1406.58,2151742,2008815,2373954,281350,7753994,30.8,15.7,4,184,28,19,24,28,29,34,40,36,11,17,28,15,13,2.84
2012/9/1,133.3,94.51,3.134,69.28,1440.67,2094289,1807208,2410375,257990,8044851,26.7,11.4,33,98,31,24,29,32,42,39,46,42,20,26,22,19,16,2.85
2012/10/1,126.19,89.49,3.14,81.66,1412.16,2168774,1901084,2557140,253402,8294299,18.9,5.4,144,31,36,26,27,41,43,37,49,50,20,20,30,26,36,3.32
2012/11/1,129.06,86.53,3.009,81.39,1416.18,2101833,2167841,2471365,233853,8171574,13.3,0.1,298,7,31,27,31,37,40,37,50,45,18,25,18,28,33,3.54
2012/12/1,137.71,87.86,2.995,74.83,1426.19,2152640,2503907,2523763,252066,7785322,7.7,-3.3,386,6,24,20,19,25,31,31,40,35,16,15,19,19,20,3.34
2013/1/1,136.23,94.76,3.068,90.66,1501.96,2136400,2878785,2512031,278078,7076700,6,-5.67,458,8,29,22,22,29,32,35,45,37,16,23,24,21,16,3.33
2013/2/1,137.72,95.31,3.168,81.59,1515.99,1935275,2567155,2269907,236875,6483370,7.5,-4.4,406,6,25,22,23,29,36,35,49,43,18,19,22,23,27,3.33
2013/3/1,133.45,92.94,2.943,75.9,1562.86,2136856,2521108,2504000,248290,6102195,11.5,-1.61,364,6,30,22,21,31,36,36,40,44,19,22,27,20,21,3.81
2013/4/1,130.09,92.02,2.742,95.11,1593.58,2094623,1967458,2446307,220608,6236406,16.7,2.92,192,19,31,24,23,33,35,36,45,43,20,25,24,22,20,4.17
2013/5/1,129.87,94.51,2.739,83.72,1652.13,2157048,1752469,2488677,234183,6654641,23.1,8.99,75,56,26,22,23,28,29,33,42,39,17,21,25,27,20,4.04
2013/6/1,124.11,95.77,2.752,82.97,1611.12,2084393,1742917,2385386,236690,7027246,28.3,14.32,14,137,24,16,21,26,26,34,41,31,14,15,25,22,15,3.83
2013/7/1,115.16,104.67,2.885,73.98,1687.76,2196404,1926330,2512441,236199,7302175,30.2,16.66,3,189,25,15,19,24,27,34,48,32,14,25,25,17,14,3.62
2013/8/1,115.32,106.57,2.958,90.96,1638.89,2191677,1927379,2495089,236248,7574293,29.7,15.88,6,162,23,15,20,23,27,31,43,33,14,19,22,17,11,3.43
2013/9/1,116.28,106.29,2.961,100.46,1687.26,2115463,1766973,2414405,243881,7927601,26.2,12.62,32,99,21,17,20,26,36,34,46,39,19,17,23,21,21,3.62
2013/10/1,124.41,100.54,2.94,72.95,1763.24,2192600,1866762,2513172,220430,8181397,18.5,5.3,142,31,24,21,24,29,38,36,43,45,21,15,29,24,24,3.68
2013/11/1,127.66,93.86,2.923,77.78,1808.69,2143606,2316909,2455169,218693,7970919,11.4,-0.7,317,9,22,21,24,27,33,37,44,40,19,23,30,29,19,3.64
2013/12/1,129.53,97.63,3.032,70.37,1842.61,2177887,2920826,2525967,273181,7255027,5.3,-6.33,459,7,25,19,17,24,29,31,36,34,16,17,26,17,15,4.24
2014/1/1,127.05,94.62,3.063,77.92,1776.57,2198795,3204129,2580019,295356,6288361,5.8,-7.4,538,3,38,20,19,26,36,36,41,35,17,17,28,21,21,4.71
2014/2/1,119.47,100.82,3.061,69,1864.97,2033039,2741240,2356978,245422,5560214,6.1,-5.98,442,6,44,22,26,27,38,35,47,45,22,27,29,22,28,6
2014/3/1,114.78,100.8,2.912,119.84,1872.34,2267138,2557890,2623914,234189,5207298,11.6,-2.12,378,8,32,21,20,30,34,35,45,44,16,23,24,21,28,4.9
2014/4/1,114.58,102.07,2.888,93.22,1883.95,2247677,1961678,2583873,200669,5423037,18.1,3.78,179,21,29,21,20,30,34,33,46,39,19,23,27,21,22,4.66
2014/5/1,115.14,102.18,2.86,83.43,1923.57,2310058,1810222,2633253,206657,5900837,23.4,9.14,70,63,23,21,21,27,32,33,43,39,18,18,22,25,33,4.58
2014/6/1,112.73,105.79,2.882,98.77,1960.23,2247082,1745351,2560033,201655,6363623,27.7,14.09,16,136,21,16,19,22,26,28,41,34,14,13,25,18,18,4.59
2014/7/1,108.29,103.59,2.776,138.75,1930.67,2371359,1881017,2629156,201176,6761254,29.9,15.99,5,168,23,14,21,20,25,34,43,31,11,22,23,13,16,4.05
2014/8/1,108.14,96.54,2.753,136.45,2003.37,2384273,1933061,2644937,206554,7134689,29,15.7,7,163,19,14,17,19,28,32,39,31,15,25,22,15,18,3.91
2014/9/1,103.49,93.21,2.633,131.56,1972.29,2306544,1809291,2625503,201622,7556106,25.7,12.29,31,102,23,19,21,24,33,37,45,40,21,21,24,21,29,3.92
2014/10/1,100.28,84.4,2.424,83.66,2018.05,2407070,1912810,2735719,220858,7954588,20.8,6.92,122,41,28,21,23,26,37,34,45,46,24,25,28,23,39,3.78
2014/11/1,99,75.79,2.249,84.38,2067.56,2314517,2357521,2661917,227485,7794338,10.2,-2.1,341,6,34,21,26,28,36,36,45,45,22,27,27,21,28,4.12
2014/12/1,98.84,59.29,1.856,86.53,2058.9,2410202,2679165,2770080,253736,7506012,7.4,-2.08,392,5,42,17,17,23,32,32,47,37,19,19,25,17,18,3.48
2015/1/1,92.89,47.22,1.616,111.99,1994.99,2420352,3114982,2790052,279397,6775582,6.3,-5.06,494,4,41,18,18,23,35,30,43,39,16,16,29,19,19,2.99
2015/2/1,99.39,50.58,1.873,111.92,2104.5,2196987,2925172,2520509,254230,6033940,6.9,-5.79,481,3,34,21,19,25,37,33,45,47,20,24,22,20,27,2.87
2015/3/1,95.97,47.82,1.632,104.24,2067.89,2443119,2591329,2827524,257274,5840840,14.3,0.57,323,16,28,20,21,26,33,34,40,45,20,22,29,20,37,2.83
2015/4/1,89.95,54.45,1.722,102.19,2085.51,2398440,2007922,2758730,205120,6162227,18.8,4.79,166,29,27,19,19,29,30,34,39,43,19,18,26,23,20,2.61
2015/5/1,95.93,59.27,1.832,76.26,2107.39,2442713,1858149,2790849,204348,6658247,22.5,9.51,66,70,23,20,17,26,28,28,39,40,18,22,22,28,24,2.85
2015/6/1,92.3,59.82,1.762,85.91,2063.12,2358416,1899906,2660158,206273,7021808,28.7,15.04,13,142,23,15,14,21,27,28,38,31,14,22,20,24,18,2.78
2015/7/1,90.27,50.9,1.557,106.81,2103.92,2444753,2067714,2756222,216973,7304710,30,16.58,3,187,22,12,16,19,29,28,37,31,14,19,27,16,24,2.84
2015/8/1,87.29,42.87,1.387,82.48,1972.18,2447534,2052728,2744748,213875,7614026,29.9,15.61,6,176,23,13,15,20,25,27,36,31,13,22,25,16,14,2.77
2015/9/1,84.03,45.48,1.423,98.77,1920.03,2383531,1901337,2721449,208818,7987290,27.4,13.19,17,124,24,16,17,21,36,30,39,44,21,20,30,21,31,2.66
2015/10/1,79.58,46.22,1.404,91.93,2079.36,2445042,1987310,2806078,226286,8316026,20.6,7.43,126,42,29,18,20,25,34,32,37,48,22,22,28,25,33,2.34
2015/11/1,82.38,42.44,1.316,150.72,2080.41,2356237,2249140,2726220,218242,8303177,12.9,1.09,247,16,26,19,22,25,30,27,36,49,21,22,23,25,31,2.09
2015/12/1,78.56,37.19,1.037,148.24,2043.94,2434920,2588168,2812110,227257,8038172,8.9,-1.53,323,14,33,17,16,21,28,25,33,34,16,17,23,19,23,1.93
2016/1/1,77.45,31.68,0.939,118.21,1940.24,2435375,3091695,2823104,273600,7307245,5.5,-5.23,484,3,33,17,17,22,31,27,40,44,19,19,33,21,24,2.28
2016/2/1,79.02,30.32,0.972,103.75,1932.23,2310521,2652260,2653842,251775,6903611,10.5,-2.16,349,6,32,18,19,26,40,29,41,58,25,27,36,21,31,1.99
2016/3/1,81.13,37.55,1.132,109.72,2059.74,2441976,2356298,2824983,240764,6846761,15.3,1.95,250,19,32,17,18,27,34,31,36,56,22,21,30,20,32,1.73
2016/4/1,80.03,40.75,1.188,85.22,2065.3,2361554,2083848,2678610,241317,7009450,18.6,4.89,172,23,27,19,18,30,33,28,38,53,23,22,34,21,35,1.92
2016/5/1,80.39,46.71,1.356,88.33,2096.95,2412475,1965799,2767844,248317,7332475,22.5,8.97,83,54,26,19,17,26,29,27,36,46,20,29,29,23,24,1.92
2016/6/1,85.19,48.76,1.416,90.17,2098.86,2312288,2000656,2628164,241885,7554670,29.4,14.78,11,151,28,13,16,21,28,25,34,38,18,26,29,19,20,2.59
2016/7/1,94.61,44.65,1.292,114.61,2173.6,2408915,2186616,2721210,265022,7686988,31.1,16.96,3,214,24,11,16,18,26,21,37,35,13,15,27,12,23,2.82
2016/8/1,102.08,44.72,1.325,98.74,2170.95,2389813,2208375,2722631,261983,7810783,29.9,16.24,3,201,23,11,14,18,22,21,30,34,12,20,23,14,15,2.82
2016/9/1,106.87,45.18,1.351,104.55,2168.27,2297402,1947752,2626213,238491,8073906,26.3,12.69,21,122,26,15,17,21,35,26,36,44,23,22,26,20,29,2.99
2016/10/1,133.55,49.78,1.488,85.75,2126.15,2364679,1925203,2720187,231449,8384087,21.1,7.53,109,47,27,16,18,24,35,26,35,59,22,19,28,25,34,2.98
2016/11/1,149.04,45.66,1.39,82.92,2198.81,2307494,2159445,2678247,231044,8349053,15.3,2.42,232,13,27,19,20,28,32,27,36,57,25,17,30,24,34,2.55
2016/12/1,130.65,51.97,1.553,102.18,2238.83,2357556,2866273,2746543,280791,7676680,5.9,-4.85,436,8,30,16,25,22,26,25,39,47,18,19,26,18,26,3.59
2017/1/1,132.05,52.5,1.551,105.2,2278.87,2339431,2913823,2723628,291656,7000061,6,-4.25,427,9,31,15,18,22,32,26,44,44,21,19,27,21,25,3.3
2017/2/1,125.78,53.47,1.562,114.21,2363.64,2142588,2340217,2493267,254597,6714640,11.2,-1,304,12,31,18,19,24,37,27,40,57,26,22,33,23,34,2.85
2017/3/1,122.37,49.33,1.492,96.64,2362.72,2425799,2523331,2797117,280567,6440293,14.3,1.38,302,17,26,19,28,26,34,30,41,60,25,24,30,21,40,2.88
2017/4/1,124.29,51.06,1.523,119.46,2384.2,2350432,1932042,2689967,238279,6670165,18.8,5.38,138,31,24,18,23,26,35,28,39,52,24,19,32,19,41,3.1
2017/5/1,113.44,48.48,1.454,102.58,2411.8,2428739,1892010,2778965,244353,7011244,22.9,8.81,85,58,23,17,20,24,26,26,38,50,23,24,30,23,32,3.15
2017/6/1,121.71,45.18,1.332,126.79,2423.41,2373176,1910441,2688422,239805,7260702,28.5,14.14,13,134,24,13,16,20,28,23,32,48,16,26,30,17,20,2.98
2017/7/1,128.17,46.63,1.423,102.81,2470.3,2477573,2141595,2753997,250508,7409892,31.4,17.14,3,202,24,10,16,18,25,23,40,39,15,23,24,14,18,2.98
2017/8/1,140.99,48.04,1.519,138.53,2471.65,2476180,2093773,2769670,247888,7605198,29,15.42,8,162,22,10,16,18,26,25,34,41,17,21,23,20,17,2.9
2017/9/1,146.06,49.82,1.708,115.53,2519.36,2438213,1920466,2763285,229444,7922712,26,12.09,24,102,24,14,16,20,36,25,38,61,24,16,30,56,29,2.98
2017/10/1,144.5,51.58,1.707,91.46,2575.26,2564255,2031510,2911373,241338,8170238,20.3,6.07,107,42,26,16,21,25,35,28,39,65,28,23,32,31,34,2.88
2017/11/1,144.25,56.64,1.823,92.6,2647.58,2558771,2357258,2897003,240314,8062349,13.4,1.04,273,14,31,17,21,24,32,28,39,63,27,21,33,26,39,3.01
2017/12/1,149.27,57.88,1.863,82.72,2673.61,2662670,3086015,3025419,274478,7392391,7.1,-4.59,445,5,40,14,16,19,33,24,33,56,20,18,28,20,26,2.82
2018/1/1,155.44,63.7,2.017,92.43,2823.81,2618315,3340935,2993178,299891,6497521,6.2,-6.02,500,3,40,14,18,19,35,27,44,58,19,21,34,24,25,3.87
2018/2/1,152.57,62.23,1.853,64.49,2713.83,2414348,2710719,2751215,237417,6029758,8.2,-4.24,348,12,38,15,18,22,38,29,42,60,24,24,42,23,41,2.67
2018/3/1,146.08,62.73,1.874,111.96,2641.53,2704217,2796708,3069284,270762,5743374,12.2,-0.31,339,11,25,15,19,23,35,28,41,58,27,24,38,20,32,2.69
2018/4/1,144.06,66.25,2.037,123.26,2648.05,2612541,2350481,2976108,242264,5777258,16.6,2.33,229,17,22,15,18,23,32,25,41,54,27,21,36,19,36,2.8
2018/5/1,157.78,69.98,2.187,125.67,2705.27,2730667,2055019,3098558,227168,6199145,25.8,11.45,47,96,22,15,16,21,32,28,36,51,20,21,32,24,27,2.8
2018/6/1,167.86,67.87,2.112,103.97,2718.37,2655954,2063144,2972738,228469,6549065,29,14.96,14,149,19,10,14,18,27,22,35,49,18,15,26,19,18,2.97
2018/7/1,172.74,70.98,2.108,110.03,2816.29,2799146,2350719,3138242,247012,6735506,31.2,17.04,2,209,18,9,13,16,25,22,39,75,16,18,30,15,18,2.83
2018/8/1,164.69,68.06,2.125,112.74,2901.52,2855600,2313836,3206177,237025,6971846,30,16.14,3,195,18,9,18,17,24,22,32,52,16,19,27,19,22,2.96
2018/9/1,163.48,70.23,2.225,75.05,2913.98,2808817,2156063,3153978,214074,7306139,26.3,13.17,21,128,20,11,20,18,32,24,36,66,24,16,31,28,26,3
2018/10/1,158.98,70.75,2.313,92.02,2711.74,2939250,2285854,3314676,215128,7592871,18,6.13,141,38,26,14,20,20,35,26,40,63,27,23,38,28,40,3.28
2018/11/1,147.78,56.96,2.033,80.41,2760.17,2894098,2715942,3259912,212486,7386391,10.1,-1.19,331,9,41,13,19,20,31,25,42,58,24,20,36,25,28,4.09
2018/12/1,150.03,49.52,1.784,90.61,2506.85,2975914,2999510,3391473,257148,7068849,7.1,-3.19,408,5,32,12,15,18,28,22,37,48,20,13,39,21,30,4.04
2019/1/1,145.34,51.38,1.819,87.42,2704.1,2974830,3424302,3376735,290886,6360109,5.7,-5.09,479,4,33,13,18,17,31,23,43,54,20,16,32,22,28,3.11
2019/2/1,135.11,54.95,1.931,96.8,2784.49,2705249,3019120,3056916,233344,5792097,5.4,-5.58,402,9,29,14,18,20,40,25,43,62,26,22,37,24,30,2.69
2019/3/1,128.62,58.15,1.965,82.33,2834.4,3008808,2927812,3383042,252989,5545463,10.8,-1.56,353,9,21,14,19,20,31,24,35,61,27,16,34,23,27,2.95
2019/4/1,116.65,63.86,2.036,79.25,2945.83,2925844,2212386,3315270,206559,5926851,18.3,4.9,161,22,20,15,19,20,30,24,41,62,25,15,32,21,31,2.65
2019/5/1,114.94,60.83,2.006,106.47,2752.06,3046445,2133985,3424018,207651,6403000,21.6,8.95,88,71,19,15,17,21,27,24,40,55,24,21,31,23,23,2.64
2019/6/1,104.39,54.66,1.82,106.59,2941.76,2956304,2119341,3299794,201163,6835476,27.3,13.46,19,126,23,11,16,17,27,23,40,48,17,26,35,20,20,2.4
2019/7/1,106.29,57.35,1.888,93.52,2980.38,3071698,2393904,3395984,230407,7088570,30.6,16.74,3,207,27,9,14,16,25,21,39,49,16,16,29,17,20,2.37
2019/8/1,95.41,54.81,1.795,103.4,2926.46,3146384,2433924,3448106,220076,7374445,30.2,16.18,6,186,29,10,19,15,23,22,33,66,14,15,36,17,16,2.22
2019/9/1,94.13,56.95,1.919,90.37,2976.74,3056535,2206252,3396571,208286,7793013,27,13.48,23,134,32,12,20,21,33,24,40,100,26,17,36,24,36,2.56
2019/10/1,101.83,53.96,1.92,97.84,3037.56,3186150,2306544,3551970,210537,8140781,17.9,4.38,142,41,33,13,21,21,36,25,44,72,28,17,33,23,35,2.33
2019/11/1,109.96,57.03,1.915,73.08,3140.98,3133926,2783754,3509293,223765,7990012,11.3,-1.17,329,8,38,12,19,21,32,24,41,71,27,17,34,23,30,2.65
2019/12/1,114.81,59.88,1.966,74.28,3230.78,3234746,3170717,3622512,256053,7567872,7.8,-2.9,399,7,41,12,14,17,27,22,36,73,23,12,29,18,21,2.22
2020/1/1,119.18,57.52,1.829,138.42,3225.52,3257533,3327245,3598402,262080,6996576,7.2,-3.32,412,8,41,13,16,20,32,25,40,72,25,19,31,26,25,2.02
2020/2/1,114.74,50.54,1.589,75.96,2954.22,2992845,3062299,3366311,238328,6460075,8.4,-3.77,364,6,43,14,18,20,40,31,40,82,39,16,39,24,34,1.91
2020/3/1,101.16,29.21,1.156,81.54,2584.59,3192036,2725503,3579884,213231,6408672,13.7,1.91,270,23,38,11,24,17,33,24,35,62,54,16,55,22,33,1.79
2020/4/1,87.55,16.55,0.852,69.34,2912.43,3076174,2263569,3375996,190049,6716451,17.6,3.4,201,23,39,12,27,17,37,24,38,65,57,14,55,21,41,1.74
2020/5/1,80.47,28.56,0.843,68.51,3044.31,2942912,2076671,3290613,186518,7164234,23,9.11,87,58,33,13,23,17,36,24,37,59,51,14,52,19,31,1.75
2020/6/1,81.57,38.31,1.073,71.23,3100.29,2927068,2134224,3220917,187478,7522519,28.4,14.17,14,136,33,9,18,16,32,21,37,50,36,14,51,16,31,1.63
2020/7/1,78.36,40.71,1.187,66.47,3271.12,3026780,2468300,3386520,210419,7683812,31.3,17.16,2,221,32,9,16,15,27,22,36,44,29,11,50,13,24,1.77
2020/8/1,79.45,42.34,1.18,65.47,3500.31,3027588,2404283,3368303,211352,7911918,31,16.42,4,198,33,9,15,15,26,21,36,54,35,16,44,17,29,2.3
2020/9/1,81.86,39.63,1.069,80.38,3363,2957168,2156948,3274179,174225,8228769,26,11.66,32,99,34,12,17,20,41,25,42,92,58,26,50,23,48,1.92
2020/10/1,87.05,39.4,1.099,76.08,3269.96,3004869,2320505,3381515,199306,8321354,19.4,5.33,138,44,33,13,17,18,42,24,40,66,72,17,47,21,58,2.39
2020/11/1,98.94,40.94,1.16,70.07,3621.63,2998371,2446546,3371220,211570,8325457,14.6,1.28,235,17,29,13,15,17,34,24,39,52,55,18,40,18,48,2.61
2020/12/1,127.84,47.02,1.366,64.07,3756.07,3117483,3188152,3516066,266618,7735441,8.1,-3.99,419,3,31,12,12,17,34,22,36,41,49,17,47,15,45,2.59
2021/1/1,135,52,1.477,77.42,3714.24,3105581,3335219,3504128,284065,7029355,6.7,-3.78,449,4,29,13,10,16,33,23,38,45,43,15,49,17,38,2.71
2021/2/1,133.71,59.04,1.67,73.96,3811.15,2597230,3095717,2938642,271877,6247914,4.9,-6.44,443,6,45,12,13,18,45,27,43,50,48,20,55,20,40,5.35
2021/3/1,141.68,62.33,1.704,78.62,3972.89,3136068,2640102,3509749,238724,6188885,14.4,0.64,283,15,31,14,16,18,41,26,45,51,54,15,54,20,43,2.62
2021/4/1,141.59,61.72,1.704,88.17,4181.17,3058663,2271622,3428387,208369,6354456,18.3,3.8,172,19,26,13,16,18,30,27,42,48,59,14,53,17,53,2.66
2021/5/1,156.4,65.17,1.834,93.01,4204.11,3158085,2116420,3524820,204890,6771262,22.7,8.78,84,54,27,14,14,19,37,26,47,50,61,11,54,19,42,2.91
2021/6/1,183.89,71.38,1.911,74.13,4297.5,3045264,2242031,3389749,207859,7019066,29.8,15.32,7,152,31,11,17,15,29,25,38,43,54,16,48,16,36,3.26
2021/7/1,205.25,72.49,1.947,58.42,4395.26,3176507,2417590,3508680,227779,7188708,30.9,17.33,2,192,30,9,11,14,29,24,36,34,33,13,48,14,27,3.84
2021/8/1,231.34,67.73,1.878,89.49,4522.68,3185920,2436266,3534922,220959,7352117,30.2,16.46,3,198,33,9,11,14,26,21,38,36,33,17,45,16,33,4.07
2021/9/1,260.61,71.65,2.053,80.7,4307.54,3104078,2138211,3440723,220206,7742741,27.3,12.49,22,110,54,12,14,18,43,26,45,48,59,20,42,21,44,5.16
2021/10/1,338.06,81.48,2.382,79.03,4605.38,3258481,2259328,3612938,228203,8103211,20.3,7.43,100,46,68,12,17,19,50,24,47,48,67,21,53,22,61,5.51
2021/11/1,235.57,79.15,2.253,86.57,4567,3188958,2684978,3564460,242405,7971480,13.8,0.71,284,9,42,12,15,19,40,23,48,43,63,19,58,19,53,5.05
2021/12/1,236.18,71.71,2.118,105.35,4766.18,3323025,3008222,3719546,252626,7647859,10,-1.81,344,13,44,11,11,15,30,21,41,36,52,18,52,18,39,3.76
2022/1/1,300.83,83.22,2.481,138.67,4515.55,3201112,3582058,3593563,296248,6653298,6.061111111,-6.977777778,511,4,44,13,14,21,43,28,53,53,64,26,76,25,49,4.38
2022/2/1,357.95,91.64,2.737,216.16,4373.94,2918981,3052434,3270055,257977,5996508,7.922222222,-6.088888889,398,6,69,16,18,24,62,34,66,66,89,33,72,29,61,4.69
2022/3/1,505.28,108.5,3.635,318.95,4530.41,3284763,2781768,3665056,259499,5835467,13.75,-0.327777778,293,14,81,22,25,26,72,38,89,68,84,49,81,30,69,4.9
2022/4/1,470.78,101.78,3.952,191.14,4131.93,3210082,2358188,3578937,244998,6051522,17.36111111,3.377777778,191,26,60,22,27,28,60,36,66,72,94,31,74,28,64,6.6
2022/5/1,550.86,109.55,4.497,142.26,4132.15,3319380,2240224,3682519,230899,6443525,23.58888889,9.65,68,81,55,20,22,26,52,34,61,63,89,26,92,28,60,8.14
2022/6/1,559.39,114.84,4.246,130.71,3785.38,3221895,2317094,3554842,228882,6767938,28.72777778,14.35,14,148,60,14,27,23,54,31,60,55,66,18,78,22,42,7.7
2022/7/1,564.49,101.62,3.552,117.18,4130.29,3355846,2589602,3716069,257197,6949518,31.78888889,17.52777778,2,218,61,10,26,20,38,25,54,52,41,26,64,15,39,7.28
2022/8/1,577.58,93.67,3.437,132.86,3955,3377619,2566702,3715517,235884,7155194,30.51111111,16.8,3,198,69,11,18,20,41,24,51,49,43,33,61,17,26,8.81
2022/9/1,559.89,84.26,3.257,131.99,3585.62,3319341,2293531,3658031,233927,7590490,27.33888889,12.68888889,24,111,80,13,21,23,59,30,55,59,80,32,66,28,54,7.88
2022/10/1,483.84,87.55,4.163,143.16,3871.98,3423890,2362424,3799767,239507,8012493,20.32222222,5.45,144,29,74,13,22,23,57,29,56,65,82,28,59,28,65,5.66
2022/11/1,417.45,84.37,3.821,116.72,4080.11,3317599,2768946,3703209,246184,7943489,11.06111111,-1.111111111,286,12,61,15,22,25,49,31,52,58,78,27,64,26,66,5.45
2022/12/1,465.72,76.44,2.937,111.2,3839.5,3378949,3378941,3763363,292940,7376032,5.877777778,-4.638888889,437,5,72,12,18,22,48,26,47,48,65,24,58,19,59,5.53
2023/1/1,414.45,78.12,3.085,104.27,4076.6,3446816,3322752,3839714,275230,6921540,6.872222222,-3.45,400,8,97,14,17,23,56,29,56,54,68,23,64,25,50,3.27
2023/2/1,283.78,76.83,2.645,120.99,3970.15,3105273,2964535,3459166,243931,6522873,8.677777778,-3.861111111,348,10,100,16,22,26,60,33,60,64,87,23,71,33,64,2.38
2023/3/1,242.69,73.28,2.571,105.38,4109.31,3486246,3026453,3859161,249519,6299730,10.8,-1.322222222,328,16,74,19,24,24,52,36,57,62,90,18,66,28,62,2.31
2023/4/1,242.2,79.45,2.424,106.81,4169.48,3343907,2428299,3718823,220387,6568637,17.87777778,3.55,166,23,60,15,23,25,58,30,53,54,82,18,59,23,52,2.16
2023/5/1,212.4,71.58,2.181,108.47,4179.83,3495761,2320224,3871172,216145,7042119,23.92222222,9.811111111,81,59,60,16,22,23,43,30,52,54,100,19,64,25,58,2.15
2023/6/1,176.46,70.25,2.278,110.53,4450.38,3370699,2369141,3726179,231555,7365395,27.53888889,13.56111111,24,114,62,12,16,22,35,26,47,53,54,21,67,20,44,2.18
2023/7/1,173.83,76.07,2.498,107.45,4588.96,3490469,2672427,3821355,256093,7500112,31.48888889,16.98888889,2,215,52,9,16,19,32,24,46,58,36,19,65,14,33,2.55
2023/8/1,197.23,81.39,2.939,101.14,4507.66,3514820,2678693,3831593,246435,7631692,30.51111111,16.55,5,192,55,11,18,20,32,25,45,51,41,25,71,18,29,2.58
2023/9/1,217.24,89.43,3.168,98.63,4288.05,3405470,2381571,3743533,230008,7952495,26.91111111,12.78888889,25,111,53,12,23,24,49,31,51,62,79,21,73,25,60,2.64
2023/10/1,208.03,85.64,3.002,197.89,4193.8,3514879,2446479,3889750,230969,8272556,20.05,6.638888889,115,39,62,12,19,22,50,30,53,69,86,28,75,25,73,2.98
2023/11/1,181.48,77.69,2.811,156.7,4567.8,3450139,2831179,3822485,251042,8206285,13.13888889,0.438888889,282,10,58,14,22,25,46,29,51,60,79,23,78,23,71,2.71
2023/12/1,183.91,71.9,2.54,142.28,4769.83,3565133,3177664,3967918,276860,7925423,9.85,-1.222222222,348,5,62,12,17,22,38,31,52,57,67,14,77,18,54,2.52
2024/1/1,173.56,74.15,2.59,159.75,4845.65,3478424,3706828,3871729,322997,7079043,5.027777778,-5.15,470,4,69,12,18,23,47,32,56,59,69,26,81,22,46,3.18
2024/2/1,163.51,77.25,2.703,146.5,5096.27,3347813,2974228,3723104,258290,6817531,11.07222222,-1.277777778,322,6,72,14,27,26,61,36,62,82,97,32,91,24,77,1.72
2024/3/1,174.32,81.28,2.601,133.02,5254.35,3486197,2801396,3880213,243413,6772962,13.55,0.85,274,16,44,14,26,27,54,34,59,70,90,19,88,21,70,1.49
2024/4/1,180.73,85.35,2.536,163.74,5035.69,3351969,2398137,3716254,221912,7029582,18.92222222,5.122222222,157,24,43,16,26,30,52,35,56,67,99,29,87,24,85,1.6
2024/5/1,189.37,80.02,2.345,130.41,5277.51,3461412,2335657,3834338,238470,7392614,23.67777778,9.938888889,63,85,42,14,24,28,41,33,54,64,88,21,78,24,59,2.12
2024/6/1,185.92,79.77,2.351,112.54,5460.48,3385539,2432767,3731414,246747,7646174,29.2,15,11,161,37,10,21,26,39,27,46,55,59,26,72,17,47,2.54
2024/7/1,185.61,81.8,2.351,91.88,5522.3,3535900,2747462,3889585,271444,7766118,31.32777778,17.2,2,215,38,9,16,24,37,25,44,50,47,25,76,13,49,2.07
2024/8/1,197.07,76.68,2.163,140.3,5648.4,3507813,2720488,3849811,260891,7847574,30.38888889,16.26111111,5,188,39,10,18,23,35,27,47,50,58,18,88,17,39,1.99
2024/9/1,189.13,70.24,1.693,130.16,5762.48,3363224,2426577,3705547,246564,8098120,27.68888889,12.97777778,21,114,40,12,28,28,56,32,55,61,94,28,78,25,83,2.28
2024/10/1,194.93,71.99,1.905,130.66,5705.45,3513254,2435592,3891982,253967,8427279,22.85,7.122222222,104,52,40,12,24,31,51,33,58,63,98,27,96,33,100,2.2
